DateTime,사용자,세션,신규방문자,페이지뷰
2020-11-09,1998,1978,601,40088
2020-11-10,2676,2624,738,59318
2020-11-11,3370,3394,1073,85239
2020-11-12,2641,2605,714,63100
2020-11-13,2761,2751,752,61921
2020-11-14,2302,2231,526,52742
2020-11-15,1822,1786,403,36979
2020-11-16,1696,1662,355,37944
2020-11-17,3253,3210,795,79274
2020-11-18,3248,3207,790,78458
2020-11-19,3552,3532,817,87209
2020-11-20,3785,3808,815,102450
2020-11-21,3193,3124,625,87990
2020-11-22,2041,2011,421,51108
2020-11-23,2070,2034,416,47148
2020-11-24,4549,4482,1175,116571
2020-11-25,5181,5123,1485,137794
2020-11-26,4425,4383,1127,115315
2020-11-27,4170,4088,991,108053
2020-11-28,3463,3380,812,89343
2020-11-29,2373,2339,531,58446
2020-11-30,956,942,147,7756
2020-12-01,1523,1507,307,16692
2020-12-02,1440,1436,386,12711
2020-12-03,1221,1231,349,10933
2020-12-04,1001,993,257,7463
2020-12-05,1028,1019,204,9472
2020-12-06,771,746,126,4926
2020-12-07,704,685,90,-4624
2020-12-08,1418,1389,324,11779
2020-12-09,1422,1454,466,13110
2020-12-10,1385,1390,380,15682
2020-12-11,1630,1635,485,22265
2020-12-12,1550,1544,486,20424
2020-12-13,1179,1172,285,12642
2020-12-14,1028,983,269,6335
2020-12-15,1496,1461,445,15413
2020-12-16,1872,1871,506,29289
2020-12-17,2400,2389,729,48405
2020-12-18,2406,2376,711,50930
2020-12-19,2256,2238,634,48813
2020-12-20,2018,2006,532,44010
2020-12-21,2295,2278,556,51480
2020-12-22,1436,1369,319,32915
2020-12-23,1645,1574,289,39026
2020-12-24,1612,1562,330,37759
2020-12-25,1691,1624,326,41866
2020-12-26,1749,1706,350,41197
2020-12-27,3550,3489,874,85024
2020-12-28,2971,2926,683,71440
2020-12-29,2504,2471,579,54250
2020-12-30,2276,2243,464,49670
2020-12-31,1701,1668,332,38800
2021-01-01,1681,1658,365,37089
2021-01-02,2601,2570,609,56742
2021-01-03,2616,2568,615,57233
2021-01-04,2646,2619,652,54975
2021-01-05,2366,2352,588,48710
2021-01-06,2076,2050,503,42173
2021-01-07,1983,1966,456,40759
2021-01-08,2192,2157,525,49530
