date,prize,num_competition,submission,isHoliday,사용자,세션,신규방문자,페이지뷰
2018-09-09,850.0,1.0,71.0,1,281,266,73,1826
2018-09-10,850.0,1.0,74.0,0,264,247,51,2092
2018-09-11,850.0,1.5,94.0,0,329,310,58,1998
2018-09-12,850.0,1.5,93.0,0,300,287,45,2595
2018-09-13,850.0,1.5,94.0,0,378,344,50,3845
2018-09-14,0.0,0.0,19.0,0,343,317,57,3283
2018-09-15,350.0,1.0,34.0,1,210,202,40,1384
2018-09-16,350.0,1.0,38.0,1,202,196,30,1472
2018-09-17,350.0,1.0,52.0,0,331,302,69,3088
2018-09-18,350.0,1.0,59.0,0,333,313,72,2667
2018-09-19,350.0,1.0,50.0,0,241,220,37,1592
2018-09-20,350.0,1.0,55.0,0,292,283,88,1495
2018-09-21,350.0,1.0,57.0,0,208,197,51,1527
2018-09-22,350.0,1.0,46.0,1,194,184,65,955
2018-09-23,350.0,1.0,30.0,1,161,156,36,1042
2018-09-24,350.0,1.0,35.0,1,121,107,19,666
2018-09-25,350.0,1.0,28.0,1,112,111,15,524
2018-09-26,350.0,1.0,47.0,1,161,155,22,1046
2018-09-27,350.0,1.0,41.0,0,177,168,43,983
2018-09-28,350.0,1.0,33.0,0,123,118,33,654
2018-09-29,350.0,1.0,18.0,1,99,95,25,378
2018-09-30,350.0,1.0,21.0,1,121,117,60,431
2018-10-01,350.0,1.0,11.0,0,111,110,35,409
2018-10-02,350.0,1.0,10.0,0,102,95,27,468
2018-10-03,350.0,1.0,10.0,1,87,84,32,384
2018-10-04,350.0,1.0,16.0,0,84,78,27,474
2018-10-05,350.0,1.0,24.0,0,123,117,38,839
2018-10-06,350.0,1.0,8.0,1,78,75,22,341
2018-10-07,350.0,1.0,8.0,1,100,97,52,481
2018-10-08,350.0,1.0,5.0,0,69,68,24,245
2018-10-09,350.0,1.0,3.0,1,54,54,23,215
2018-10-10,350.0,1.0,12.0,0,91,85,29,550
2018-10-11,350.0,1.5,18.0,0,78,74,21,481
2018-10-12,350.0,1.5,18.0,0,102,99,34,470
2018-10-13,350.0,1.5,24.0,1,106,102,23,677
2018-10-14,0.0,0.0,3.0,1,170,163,24,1021
2018-10-15,0.0,0.0,0.0,0,229,227,55,1427
2018-10-16,0.0,0.0,1.0,0,189,183,69,1813
2018-10-17,0.0,0.0,7.0,0,623,618,369,3896
2018-10-18,1000.0,1.0,3.0,0,258,257,116,1394
2018-10-19,1000.0,1.0,9.0,0,208,207,80,1198
2018-10-20,1000.0,1.0,8.0,1,168,166,72,792
2018-10-21,1000.0,1.0,4.0,1,162,164,54,1347
2018-10-22,1000.0,1.0,4.0,0,182,195,65,1255
2018-10-23,1000.0,1.0,10.0,0,210,230,95,1275
2018-10-24,1000.0,1.0,14.0,0,163,166,63,767
2018-10-25,1000.0,1.0,10.0,0,138,146,37,736
2018-10-26,1000.0,1.0,13.0,0,143,152,34,811
2018-10-27,1000.0,1.0,11.0,1,72,71,18,335
2018-10-28,1000.0,1.0,15.0,1,88,88,19,538
2018-10-29,1000.0,1.0,12.0,0,127,133,25,1304
2018-10-30,1000.0,1.0,24.0,0,147,150,36,1130
2018-10-31,1000.0,1.0,23.0,0,161,158,27,1126
2018-11-01,1000.0,1.0,19.0,0,112,118,22,748
2018-11-02,1000.0,1.0,23.0,0,119,124,19,867
2018-11-03,1000.0,1.0,13.0,1,69,71,17,352
2018-11-04,1000.0,1.0,30.0,1,94,97,11,730
2018-11-05,1000.0,1.0,13.0,0,125,121,25,1116
2018-11-06,1000.0,1.0,12.0,0,152,151,35,1427
2018-11-07,1000.0,1.0,16.0,0,118,113,29,797
2018-11-08,1000.0,1.0,3.0,0,133,133,47,750
2018-11-09,1000.0,1.0,14.0,0,132,131,39,934
2018-11-10,1000.0,1.0,13.0,1,132,127,60,981
2018-11-11,1000.0,1.0,6.0,1,142,136,56,1445
2018-11-12,1000.0,1.0,8.0,0,369,386,197,3402
2018-11-13,1800.0,2.0,12.0,0,415,432,179,3226
2018-11-14,1800.0,2.0,14.0,0,399,417,196,2475
2018-11-15,1800.0,2.0,16.0,0,279,288,120,1821
2018-11-16,1800.0,2.0,17.0,0,307,317,162,1798
2018-11-17,1800.0,2.0,14.0,1,354,360,204,2378
2018-11-18,1800.0,2.0,29.0,1,174,175,59,1663
2018-11-19,1800.0,2.0,31.0,0,301,308,112,2630
2018-11-20,1800.0,2.0,35.0,0,331,336,156,1968
2018-11-21,1800.0,2.0,27.0,0,225,231,62,1986
2018-11-22,1800.0,2.0,44.0,0,280,278,107,2553
2018-11-23,1800.0,2.0,36.0,0,221,226,49,2019
2018-11-24,1800.0,2.0,27.0,1,149,153,41,1372
2018-11-25,1800.0,2.0,31.0,1,166,172,50,1169
2018-11-26,1800.0,2.0,34.0,0,275,279,86,2139
2018-11-27,1800.0,2.0,53.0,0,326,323,123,2668
2018-11-28,1800.0,2.0,57.0,0,335,336,135,2498
2018-11-29,1800.0,2.0,44.0,0,247,251,67,1770
2018-11-30,1800.0,2.0,47.0,0,186,192,56,1465
2018-12-01,1800.0,2.0,25.0,1,131,127,34,1093
2018-12-02,1800.0,2.0,25.0,1,151,143,44,1081
2018-12-03,1800.0,2.0,39.0,0,258,269,76,2536
2018-12-04,1800.0,2.0,52.0,0,311,303,91,2765
2018-12-05,1800.0,2.0,43.0,0,264,260,64,2881
2018-12-06,1800.0,2.0,40.0,0,215,213,47,1995
2018-12-07,1800.0,2.0,38.0,0,223,223,47,2281
2018-12-08,1800.0,2.0,42.0,1,192,191,40,1565
2018-12-09,1800.0,2.0,44.0,1,162,157,39,1553
2018-12-10,1800.0,2.0,58.0,0,286,274,56,2729
2018-12-11,1800.0,2.0,46.0,0,249,247,51,1894
2018-12-12,1800.0,2.0,59.0,0,235,237,52,1967
2018-12-13,1800.0,2.0,42.0,0,249,233,60,1928
2018-12-14,1800.0,2.0,40.0,0,257,241,85,1878
2018-12-15,1800.0,2.0,31.0,1,146,147,31,1048
2018-12-16,1800.0,2.0,63.0,1,186,181,45,1644
2018-12-17,1800.0,2.0,85.0,0,286,281,64,2803
2018-12-18,1800.0,2.0,68.0,0,240,245,49,2088
2018-12-19,1800.0,2.0,70.0,0,252,251,74,2493
2018-12-20,1800.0,2.0,44.0,0,232,233,62,1997
2018-12-21,1800.0,2.0,41.0,0,248,249,51,2343
2018-12-22,1800.0,2.0,31.0,1,229,236,97,1694
2018-12-23,1800.0,2.0,41.0,1,322,319,134,2188
2018-12-24,1800.0,2.0,57.0,0,294,299,101,2811
2018-12-25,1900.0,3.0,43.0,0,197,183,53,5704
2018-12-26,1900.0,3.0,59.0,0,346,344,104,5438
2018-12-27,1900.0,3.0,65.0,0,296,315,108,2291
2018-12-28,1900.0,3.0,44.0,0,269,262,85,2183
2018-12-29,1900.0,3.5,33.0,1,203,204,59,1429
2018-12-30,1900.0,3.5,49.0,1,176,170,32,1437
2018-12-31,1900.0,3.5,43.0,0,216,219,42,1881
2019-01-01,900.0,2.0,13.0,0,124,122,21,736
2019-01-02,900.0,2.0,15.0,0,278,287,79,2550
2019-01-03,900.0,2.0,23.0,0,490,512,269,3961
2019-01-04,900.0,2.0,19.0,0,418,420,216,3218
2019-01-05,900.0,2.0,18.0,1,190,196,64,1960
2019-01-06,900.0,2.0,18.0,1,167,174,45,1504
2019-01-07,900.0,2.0,16.0,0,299,301,81,2311
2019-01-08,900.0,2.5,23.0,0,322,326,111,2512
2019-01-09,900.0,2.5,25.0,0,295,295,82,2380
2019-01-10,900.0,2.5,18.0,0,371,359,92,3624
2019-01-11,800.0,1.0,23.0,0,274,268,65,2217
2019-01-12,800.0,1.0,18.0,1,179,176,43,1563
2019-01-13,800.0,1.0,35.0,1,195,197,46,1431
2019-01-14,800.0,1.0,34.0,0,282,287,71,2008
2019-01-15,800.0,1.0,49.0,0,316,303,81,2719
2019-01-16,800.0,1.0,40.0,0,258,261,75,1853
2019-01-17,800.0,1.0,41.0,0,267,277,59,2141
2019-01-18,800.0,1.0,37.0,0,257,261,66,1841
2019-01-19,800.0,1.0,30.0,1,179,178,28,1472
2019-01-20,800.0,1.0,33.0,1,190,185,26,1474
2019-01-21,800.0,1.0,36.0,0,301,307,65,2093
2019-01-22,800.0,1.0,47.0,0,280,282,66,1788
2019-01-23,800.0,1.0,43.0,0,227,211,35,1912
2019-01-24,800.0,1.0,51.0,0,256,252,63,2096
2019-01-25,800.0,1.0,35.0,0,455,450,198,3187
2019-01-26,800.0,1.0,38.0,1,214,216,48,1389
2019-01-27,800.0,1.0,34.0,1,256,244,53,2185
2019-01-28,800.0,1.0,53.0,0,515,509,141,3863
2019-01-29,800.0,1.5,48.0,0,461,455,137,3647
2019-01-30,800.0,1.5,64.0,0,498,484,94,4423
2019-01-31,800.0,1.5,88.0,0,560,532,85,5415
2019-02-01,0.0,0.0,11.0,0,271,273,68,1695
2019-02-02,0.0,0.0,0.0,1,237,240,100,1262
2019-02-03,0.0,0.0,1.0,1,116,109,32,1180
2019-02-04,0.0,0.0,2.0,1,120,117,30,788
2019-02-05,200.0,1.0,0.0,1,96,92,24,469
2019-02-06,200.0,1.0,0.0,1,169,164,54,2499
2019-02-07,200.0,1.0,0.0,0,184,175,40,1982
2019-02-08,1000.0,2.0,2.0,0,911,991,502,5733
2019-02-09,1000.0,2.0,2.0,1,585,624,387,2982
2019-02-10,1000.0,2.0,2.0,1,751,817,533,3919
2019-02-11,1000.0,2.0,0.0,0,630,709,377,4057
2019-02-12,1000.0,2.0,2.0,0,333,383,130,2454
2019-02-13,1000.0,2.0,7.0,0,343,364,145,1992
2019-02-14,1000.0,2.0,7.0,0,339,379,131,2516
2019-02-15,1000.0,2.0,21.0,0,483,546,247,3828
2019-02-16,1000.0,2.0,8.0,1,261,273,97,1932
2019-02-17,1000.0,2.0,5.0,1,248,241,63,1687
2019-02-18,1000.0,2.0,6.0,0,323,334,95,2862
2019-02-19,1000.0,2.0,13.0,0,241,258,74,1590
2019-02-20,1000.0,2.0,3.0,0,259,259,82,1818
2019-02-21,1000.0,2.0,9.0,0,209,206,61,1407
2019-02-22,1000.0,2.0,4.0,0,193,193,65,2034
2019-02-23,1000.0,2.0,1.0,1,163,160,57,1052
2019-02-24,1000.0,2.0,0.0,1,123,124,35,975
2019-02-25,1000.0,2.0,0.0,0,226,221,62,1925
2019-02-26,1000.0,2.0,0.0,0,239,242,70,1710
2019-02-27,1000.0,2.0,1.0,0,202,201,51,1408
2019-02-28,1000.0,2.0,0.0,0,183,177,61,909
2019-03-01,1000.0,2.0,0.0,0,138,141,39,882
2019-03-02,1000.0,2.0,0.0,1,105,117,31,679
2019-03-03,1000.0,2.0,0.0,1,116,111,31,2032
2019-03-04,1000.0,2.0,0.0,0,252,253,73,2153
2019-03-05,1000.0,2.0,0.0,0,202,208,74,1254
2019-03-06,1000.0,2.0,0.0,0,358,375,180,1809
2019-03-07,1000.0,2.0,1.0,0,344,370,138,2129
2019-03-08,1000.0,2.0,0.0,0,241,253,92,1382
2019-03-09,1000.0,2.0,0.0,1,209,226,89,1269
2019-03-10,1000.0,2.0,0.0,1,141,142,31,732
2019-03-11,1000.0,2.0,0.0,0,277,278,77,1445
2019-03-12,1000.0,2.0,0.0,0,259,265,76,1347
2019-03-13,1000.0,2.0,0.0,0,214,208,67,1142
2019-03-14,1000.0,2.0,0.0,0,244,250,62,1919
2019-03-15,1000.0,2.0,0.0,0,244,235,74,2996
2019-03-16,1000.0,2.0,0.0,1,193,203,87,939
2019-03-17,1000.0,2.0,0.0,1,115,119,37,583
2019-03-18,1000.0,2.0,0.0,0,252,247,84,1395
2019-03-19,1000.0,2.0,3.0,0,321,321,131,2092
2019-03-20,1000.0,2.0,0.0,0,266,272,78,2090
2019-03-21,1000.0,2.0,1.0,0,265,279,93,1619
2019-03-22,1000.0,2.0,0.0,0,176,176,62,919
2019-03-23,1000.0,2.0,0.0,1,215,219,94,1303
2019-03-24,1000.0,2.0,0.0,1,201,208,55,1509
2019-03-25,1000.0,2.0,3.0,0,294,299,88,2860
2019-03-26,1200.0,3.0,3.0,0,341,328,107,2482
2019-03-27,1200.0,3.0,19.0,0,538,552,202,4338
2019-03-28,1200.0,3.0,16.0,0,567,592,166,4043
2019-03-29,1200.0,3.0,26.0,0,434,431,105,4557
2019-03-30,1200.0,3.0,53.0,1,743,731,260,5832
2019-03-31,1200.0,3.0,84.0,1,715,732,141,6937
2019-04-01,1200.0,3.0,1.0,0,558,561,150,4048
2019-04-02,1200.0,3.0,0.0,0,350,344,100,1898
2019-04-03,1200.0,3.0,0.0,0,376,384,80,2666
2019-04-04,1200.0,3.0,0.0,0,316,316,92,1790
2019-04-05,1200.0,3.0,0.0,0,365,362,93,2438
2019-04-06,1200.0,3.0,0.0,1,230,228,31,941
2019-04-07,1200.0,3.0,0.0,1,275,270,77,1347
2019-04-08,1200.0,3.0,0.0,0,462,456,173,2423
2019-04-09,1200.0,3.0,0.0,0,290,288,93,1375
2019-04-10,1200.0,3.0,0.0,0,277,280,86,1382
2019-04-11,1200.0,3.0,0.0,0,276,282,94,1453
2019-04-12,1200.0,3.0,0.0,0,210,210,57,1063
2019-04-13,1200.0,3.0,0.0,1,160,162,39,729
2019-04-14,1200.0,3.0,0.0,1,158,161,37,701
2019-04-15,1200.0,3.0,0.0,0,234,233,70,1424
2019-04-16,1200.0,3.0,0.0,0,196,194,60,939
2019-04-17,1200.0,3.0,0.0,0,191,193,45,1140
2019-04-18,1200.0,3.0,0.0,0,180,184,40,686
2019-04-19,1200.0,3.0,0.0,0,181,180,51,1560
2019-04-20,1200.0,3.0,0.0,1,148,144,25,1106
2019-04-21,1200.0,3.0,0.0,1,229,236,74,1730
2019-04-22,1200.0,3.0,0.0,0,248,245,62,1936
2019-04-23,1200.0,3.0,0.0,0,322,324,151,2430
2019-04-24,1200.0,3.0,0.0,0,226,228,67,1736
2019-04-25,1200.0,3.0,0.0,0,173,174,45,1524
2019-04-26,1200.0,3.0,0.0,0,166,163,37,1386
2019-04-27,1200.0,3.0,0.0,1,263,323,80,3998
2019-04-28,1200.0,3.0,0.0,1,159,167,31,2243
2019-04-29,1200.0,3.0,0.0,0,248,260,78,3539
2019-04-30,1200.0,3.0,0.0,0,844,906,465,8674
2019-05-01,1200.0,3.0,9.0,0,590,632,309,7216
2019-05-02,1200.0,3.0,6.0,0,453,482,151,5381
2019-05-03,1200.0,3.0,37.0,0,490,519,181,6995
2019-05-04,1200.0,3.0,48.0,1,481,496,170,6076
2019-05-05,1200.0,3.0,30.0,1,348,347,119,4805
2019-05-06,2200.0,4.0,30.0,1,357,368,81,5052
2019-05-07,2200.0,4.0,55.0,0,475,485,138,5635
2019-05-08,2200.0,4.0,63.0,0,1596,1604,820,15516
2019-05-09,2200.0,4.0,43.0,0,1135,1147,588,10778
2019-05-10,2200.0,4.0,47.0,0,753,759,334,7057
2019-05-11,2200.0,4.0,72.0,1,573,588,224,5691
2019-05-12,2200.0,4.0,109.0,1,516,526,160,5799
2019-05-13,2200.0,4.0,80.0,0,773,787,300,7706
2019-05-14,2200.0,4.0,90.0,0,705,732,270,7867
2019-05-15,2200.0,4.0,76.0,0,692,708,270,7536
2019-05-16,2200.0,4.0,69.0,0,748,760,283,7357
2019-05-17,2200.0,4.0,79.0,0,567,565,201,6013
2019-05-18,2200.0,4.5,95.0,1,390,399,118,4178
2019-05-19,2200.0,4.5,113.0,1,431,441,125,4592
2019-05-20,2200.0,4.5,88.0,0,574,574,192,6661
2019-05-21,2000.0,3.0,78.0,0,488,504,160,5463
2019-05-22,2000.0,3.0,60.0,0,615,635,231,6603
2019-05-23,2000.0,3.0,109.0,0,508,505,166,5154
2019-05-24,2000.0,3.0,200.0,0,554,553,136,7180
2019-05-25,2000.0,3.0,21.0,1,424,418,92,5327
2019-05-26,2000.0,3.0,2.0,1,292,289,99,2498
2019-05-27,2000.0,3.0,15.0,0,429,431,131,5145
2019-05-28,2000.0,3.0,22.0,0,731,764,311,6981
2019-05-29,2000.0,3.0,16.0,0,719,758,269,8886
2019-05-30,2000.0,3.0,4.0,0,465,484,162,5296
2019-05-31,2000.0,3.0,16.0,0,369,390,137,4514
2019-06-01,2000.0,3.0,3.0,1,274,284,85,2553
2019-06-02,2000.0,3.0,18.0,1,319,327,104,3810
2019-06-03,2000.0,3.0,9.0,0,501,522,194,5311
2019-06-04,2000.0,3.0,18.0,0,419,439,146,3771
2019-06-05,2000.0,3.0,1.0,0,413,410,155,4235
2019-06-06,2000.0,3.0,23.0,0,286,300,98,2780
2019-06-07,2000.0,3.0,30.0,0,324,341,118,3270
2019-06-08,2000.0,3.0,6.0,1,286,291,115,2820
2019-06-09,2000.0,3.0,5.0,1,335,344,118,3696
2019-06-10,2000.0,3.0,13.0,0,469,472,163,5086
2019-06-11,2000.0,3.0,18.0,0,448,455,167,3993
2019-06-12,2000.0,3.0,13.0,0,650,663,280,4938
2019-06-13,2000.0,3.0,31.0,0,525,537,231,4516
2019-06-14,2000.0,3.0,47.0,0,465,465,168,4589
2019-06-15,2000.0,3.0,8.0,1,314,324,120,3108
2019-06-16,2000.0,3.0,5.0,1,292,291,99,2652
2019-06-17,2000.0,3.0,32.0,0,385,391,156,3254
2019-06-18,2000.0,3.0,42.0,0,488,517,195,4723
2019-06-19,2000.0,3.0,56.0,0,470,467,174,4979
2019-06-20,2000.0,3.0,63.0,0,420,413,150,4418
2019-06-21,2000.0,3.0,118.0,0,460,457,130,5221
2019-06-22,2000.0,3.0,21.0,1,337,340,89,3008
2019-06-23,2000.0,3.0,0.0,1,302,298,99,2483
2019-06-24,2000.0,3.0,0.0,0,417,427,158,4331
2019-06-25,2000.0,3.0,0.0,0,370,374,136,3471
2019-06-26,2000.0,3.0,0.0,0,363,377,123,3319
2019-06-27,2000.0,3.0,0.0,0,359,354,124,3600
2019-06-28,2000.0,3.0,0.0,0,337,341,112,3331
2019-06-29,2000.0,3.0,0.0,1,273,255,72,3119
2019-06-30,2000.0,3.0,0.0,1,266,260,67,2225
2019-07-01,2000.0,3.0,0.0,0,428,442,181,3785
2019-07-02,2000.0,3.0,0.0,0,422,438,129,4157
2019-07-03,2000.0,3.0,0.0,0,412,432,98,4913
2019-07-04,2000.0,3.0,2.0,0,625,632,232,4693
2019-07-05,2000.0,3.0,6.0,0,596,600,175,5950
2019-07-06,2000.0,3.5,2.0,1,526,540,140,5309
2019-07-07,2000.0,3.5,5.0,1,422,453,86,5374
2019-07-08,2000.0,3.5,14.0,0,505,545,105,6402
2019-07-09,1000.0,2.0,17.0,0,502,514,168,6649
2019-07-10,1000.0,2.0,13.0,0,482,518,125,7941
2019-07-11,1200.0,3.0,16.0,0,644,658,184,11018
2019-07-12,1200.0,3.0,3.0,0,618,617,252,9431
2019-07-13,1200.0,3.0,4.0,1,349,365,91,5035
2019-07-14,1200.0,3.0,25.0,1,327,348,76,4676
2019-07-15,1200.0,3.0,51.0,0,480,497,127,7736
2019-07-16,1200.0,3.5,37.0,0,420,453,111,6667
2019-07-17,1200.0,4.0,43.0,0,452,463,97,7549
2019-07-18,1200.0,4.0,90.0,0,513,523,117,8601
2019-07-19,400.0,2.5,81.0,0,504,508,128,9277
2019-07-20,200.0,1.0,40.0,1,364,391,93,4882
2019-07-21,200.0,1.0,32.0,1,321,329,82,4181
2019-07-22,200.0,1.0,72.0,0,530,536,170,9514
2019-07-23,200.0,1.0,89.0,0,615,610,158,10947
2019-07-24,200.0,1.0,104.0,0,646,669,242,8700
2019-07-25,200.0,1.0,124.0,0,517,527,126,7693
2019-07-26,200.0,1.0,155.0,0,522,515,123,8240
2019-07-27,200.0,1.0,34.0,1,301,316,72,4433
2019-07-28,200.0,1.0,27.0,1,295,302,65,4712
2019-07-29,200.0,1.0,34.0,0,405,445,87,6504
2019-07-30,200.0,1.0,24.0,0,593,632,186,8594
2019-07-31,200.0,1.0,30.0,0,445,453,88,6748
2019-08-01,200.0,1.0,26.0,0,376,379,87,5733
2019-08-02,200.0,1.0,34.0,0,319,338,64,3742
2019-08-03,200.0,1.0,24.0,1,241,252,66,2877
2019-08-04,200.0,1.0,46.0,1,319,336,78,4650
2019-08-05,200.0,1.0,46.0,0,470,486,120,6349
2019-08-06,200.0,1.0,30.0,0,421,445,94,6898
2019-08-07,200.0,1.0,43.0,0,423,433,78,7384
2019-08-08,200.0,1.0,41.0,0,480,479,89,8911
2019-08-09,200.0,1.0,21.0,0,424,431,118,6271
2019-08-10,200.0,1.0,113.0,1,344,379,76,5820
2019-08-11,200.0,1.0,38.0,1,320,338,151,3783
2019-08-12,200.0,1.0,62.0,0,424,474,118,7714
2019-08-13,200.0,1.0,116.0,0,488,524,114,9245
2019-08-14,200.0,1.0,63.0,0,362,371,88,6976
2019-08-15,200.0,1.0,30.0,0,218,225,51,3090
2019-08-16,200.0,1.0,38.0,0,444,459,189,6478
2019-08-17,200.0,1.0,27.0,1,329,338,113,3991
2019-08-18,200.0,1.0,33.0,1,244,248,66,3394
2019-08-19,200.0,1.0,36.0,0,592,610,267,6321
2019-08-20,200.0,1.0,58.0,0,507,523,179,5725
2019-08-21,200.0,1.0,36.0,0,407,429,117,5370
2019-08-22,200.0,1.0,55.0,0,357,373,96,5244
2019-08-23,200.0,1.0,45.0,0,309,327,91,4573
2019-08-24,200.0,1.0,41.0,1,221,232,65,2787
2019-08-25,200.0,1.0,32.0,1,348,366,113,4444
2019-08-26,200.0,1.0,48.0,0,406,416,110,6024
2019-08-27,200.0,1.0,51.0,0,727,741,297,8904
2019-08-28,200.0,1.0,76.0,0,461,464,115,6012
2019-08-29,200.0,1.0,59.0,0,429,434,99,6065
2019-08-30,200.0,1.0,44.0,0,438,433,87,8176
2019-08-31,200.0,1.0,30.0,1,206,216,35,3144
2019-09-01,200.0,1.0,36.0,1,222,235,57,3167
2019-09-02,200.0,1.0,45.0,0,441,471,131,7531
2019-09-03,200.0,1.0,31.0,0,349,370,84,6320
2019-09-04,200.0,1.0,72.0,0,369,394,109,5736
2019-09-05,200.0,1.0,66.0,0,406,435,108,5916
2019-09-06,200.0,1.0,3.0,0,277,294,69,3340
2019-09-07,200.0,1.0,6.0,1,219,226,49,3259
2019-09-08,200.0,1.0,6.0,1,178,187,52,1956
2019-09-09,200.0,1.0,5.0,0,363,391,116,5483
2019-09-10,200.0,1.0,3.0,0,269,275,84,3626
2019-09-11,200.0,1.0,4.0,0,182,187,57,2716
2019-09-12,200.0,1.0,7.0,1,419,417,256,2905
2019-09-13,200.0,1.0,3.0,1,327,341,176,2950
2019-09-14,200.0,1.0,2.0,1,174,177,72,1270
2019-09-15,200.0,1.0,10.0,1,218,235,92,2768
2019-09-16,200.0,1.0,13.0,0,505,517,201,7699
2019-09-17,200.0,1.0,17.0,0,515,541,179,7960
2019-09-18,200.0,1.0,24.0,0,515,527,197,6044
2019-09-19,200.0,1.0,14.0,0,437,482,169,5474
2019-09-20,200.0,1.0,21.0,0,292,297,101,4033
2019-09-21,200.0,1.0,7.0,1,164,171,58,1947
2019-09-22,200.0,1.0,1.0,1,160,159,43,1930
2019-09-23,200.0,1.0,26.0,0,299,307,77,3903
2019-09-24,200.0,1.0,8.0,0,686,750,343,9150
2019-09-25,200.0,1.0,18.0,0,928,1085,449,13151
2019-09-26,200.0,1.0,14.0,0,557,639,236,8696
2019-09-27,200.0,1.0,2.0,0,530,562,190,7234
2019-09-28,200.0,1.0,11.0,1,278,321,94,2986
2019-09-29,200.0,1.0,0.0,1,306,340,129,4249
2019-09-30,200.0,1.0,32.0,0,786,939,350,10565
2019-10-01,800.0,2.0,20.0,0,963,1135,360,13001
2019-10-02,800.0,2.0,23.0,0,722,792,217,11477
2019-10-03,800.0,2.0,20.0,1,452,507,137,6135
2019-10-04,800.0,2.0,17.0,0,720,763,254,11152
2019-10-05,800.0,2.0,52.0,1,622,670,273,8142
2019-10-06,800.0,2.0,19.0,1,505,571,181,7417
2019-10-07,800.0,2.0,23.0,0,889,976,289,14473
2019-10-08,800.0,2.0,35.0,0,765,834,218,12226
2019-10-09,800.0,2.0,27.0,1,457,497,109,6924
2019-10-10,800.0,2.0,37.0,0,686,765,184,11133
2019-10-11,800.0,2.0,32.0,0,591,631,133,10898
2019-10-12,800.0,2.0,26.0,1,483,513,192,6529
2019-10-13,800.0,2.0,27.0,1,342,368,88,5197
2019-10-14,800.0,2.0,32.0,0,713,769,185,11501
2019-10-15,800.0,2.0,30.0,0,719,745,212,9165
2019-10-16,800.0,2.0,34.0,0,596,589,141,10357
2019-10-17,800.0,2.0,39.0,0,531,559,104,7729
2019-10-18,800.0,2.0,29.0,0,519,538,123,8141
2019-10-19,800.0,2.5,37.0,1,284,289,63,4017
2019-10-20,800.0,2.5,47.0,1,327,345,64,5431
2019-10-21,800.0,2.5,53.0,0,572,604,120,8657
2019-10-22,600.0,1.0,60.0,0,769,797,273,11471
2019-10-23,600.0,1.0,61.0,0,682,704,207,11283
2019-10-24,600.0,1.0,61.0,0,520,552,116,8650
2019-10-25,600.0,1.5,60.0,0,582,606,131,10676
2019-10-26,600.0,1.5,81.0,1,438,464,73,8029
2019-10-27,600.0,1.5,104.0,1,529,559,89,10772
2019-10-28,0.0,0.0,14.0,0,616,629,148,12957
2019-10-29,0.0,0.0,10.0,0,467,511,155,7387
2019-10-30,0.0,0.0,8.0,0,343,381,95,4961
2019-10-31,0.0,0.0,8.0,0,448,470,137,6198
2019-11-01,0.0,0.0,7.0,0,1442,1690,741,16463
2019-11-02,0.0,0.0,2.0,1,440,479,184,4276
2019-11-03,0.0,0.0,4.0,1,361,382,155,4335
2019-11-04,0.0,0.0,1.0,0,724,760,330,8480
2019-11-05,0.0,0.0,0.0,0,606,612,226,7799
2019-11-06,0.0,0.0,1.0,0,996,1015,445,8445
2019-11-07,0.0,0.0,5.0,0,674,709,289,7974
2019-11-08,0.0,0.0,6.0,0,438,442,159,5466
2019-11-09,0.0,0.0,0.0,1,270,282,92,2824
2019-11-10,0.0,0.0,3.0,1,340,349,110,4237
2019-11-11,1000.0,2.0,35.0,0,1495,1531,650,19148
2019-11-12,1000.0,2.0,68.0,0,1862,1869,789,24938
2019-11-13,1000.0,2.0,86.0,0,1403,1414,495,20456
2019-11-14,1000.0,2.0,111.0,0,1192,1212,386,18194
2019-11-15,1000.0,2.0,87.0,0,1089,1099,349,16024
2019-11-16,1000.0,2.0,77.0,1,756,761,217,11399
2019-11-17,1000.0,2.0,98.0,1,790,832,153,12645
2019-11-18,1000.0,2.0,96.0,0,1217,1267,329,17315
2019-11-19,1000.0,2.0,88.0,0,1282,1312,359,20903
2019-11-20,1000.0,3.0,104.0,0,1546,1603,479,21410
2019-11-21,3000.0,4.0,119.0,0,1662,1759,454,26755
2019-11-22,3000.0,4.0,96.0,0,1449,1525,394,21633
2019-11-23,3000.0,4.0,91.0,1,1134,1162,273,17591
2019-11-24,3000.0,4.0,96.0,1,1083,1130,212,16714
2019-11-25,3000.0,4.0,120.0,0,1562,1645,397,24675
2019-11-26,3000.0,4.0,104.0,0,1508,1569,403,24132
2019-11-27,3000.0,4.0,108.0,0,1354,1364,350,20515
2019-11-28,3000.0,4.0,104.0,0,1349,1379,310,19957
2019-11-29,3000.0,4.0,83.0,0,1123,1135,258,17527
2019-11-30,3000.0,4.0,118.0,1,1182,1170,333,14058
2019-12-01,3000.0,4.0,120.0,1,991,1004,247,13132
2019-12-02,3000.0,4.0,224.0,0,1826,1824,488,28227
2019-12-03,3000.0,4.0,218.0,0,1546,1564,320,23180
2019-12-04,3000.0,5.0,242.0,0,1516,1541,322,23575
2019-12-05,3000.0,5.0,242.0,0,1406,1401,265,20927
2019-12-06,3000.0,5.0,265.0,0,2194,2249,675,29666
2019-12-07,2000.0,2.0,64.0,1,1199,1225,326,20814
2019-12-08,2000.0,2.0,81.0,1,760,767,184,10792
2019-12-09,2000.0,2.0,115.0,0,1395,1436,389,18455
2019-12-10,2000.0,2.0,118.0,0,1189,1216,304,15722
2019-12-11,2000.0,2.0,107.0,0,1048,1060,256,13618
2019-12-12,2000.0,2.0,116.0,0,1034,1049,287,12619
2019-12-13,2000.0,2.0,107.0,0,845,865,212,11542
2019-12-14,2000.0,2.0,80.0,1,626,640,154,7313
2019-12-15,2000.0,2.0,92.0,1,581,591,145,7210
2019-12-16,2000.0,2.0,109.0,0,849,869,171,12849
2019-12-17,2000.0,2.0,98.0,0,905,931,235,12620
2019-12-18,2000.0,2.0,103.0,0,859,925,202,10758
2019-12-19,2000.0,2.0,139.0,0,992,1025,256,13580
2019-12-20,2000.0,2.0,107.0,0,946,1000,240,12625
2019-12-21,2000.0,2.0,105.0,1,1044,1098,243,14295
2019-12-22,2000.0,2.0,196.0,1,889,942,162,12611
2019-12-23,2000.0,2.0,125.0,0,901,955,234,13745
2019-12-24,2000.0,2.0,137.0,0,935,996,324,11816
2019-12-25,2000.0,2.0,131.0,0,487,515,110,6543
2019-12-26,2000.0,2.0,164.0,0,954,1035,239,14501
2019-12-27,2000.0,2.0,182.0,0,997,1012,246,14412
2019-12-28,2000.0,2.0,135.0,1,677,690,173,8387
2019-12-29,2000.0,2.0,166.0,1,935,993,308,10319
2019-12-30,2000.0,2.0,213.0,0,1116,1154,302,14327
2019-12-31,2000.0,2.0,154.0,0,49,49,49,106
2020-01-01,2000.0,2.0,165.0,1,1,1,1,2
2020-01-02,2083.0,3.0,209.0,0,1327,1447,465,18814
2020-01-03,2083.0,3.0,203.0,0,1915,2046,628,22411
2020-01-04,2083.0,3.0,183.0,1,1278,1316,313,15381
2020-01-05,2083.0,3.0,222.0,1,1223,1292,255,14210
2020-01-06,2083.0,3.0,262.0,0,1998,2145,483,24557
2020-01-07,2083.0,3.0,302.0,0,1858,1973,354,22195
2020-01-08,2083.0,3.0,312.0,0,1795,1905,352,20172
2020-01-09,2083.0,3.0,404.0,0,1915,2016,441,20148
2020-01-10,2083.0,3.5,434.0,0,2090,2210,469,22036
2020-01-11,2083.0,3.5,362.0,1,1374,1430,243,12498
2020-01-12,2083.0,3.5,483.0,1,1815,1865,336,20936
2020-01-13,83.0,2.0,119.0,0,1982,2044,402,24347
2020-01-14,83.0,2.0,149.0,0,2044,2110,550,23378
2020-01-15,83.0,2.0,133.0,0,1705,1805,386,19591
2020-01-16,1083.0,3.0,142.0,0,2861,2970,733,36232
2020-01-17,1083.0,3.0,147.0,0,2059,2112,398,25873
2020-01-18,1083.0,3.0,138.0,1,1317,1347,234,13573
2020-01-19,1083.0,3.0,131.0,1,1274,1320,213,14344
2020-01-20,1083.0,3.0,153.0,0,2187,2259,417,27955
2020-01-21,1083.0,3.0,176.0,0,1942,1934,290,23490
2020-01-22,1083.0,3.0,180.0,0,1852,1871,307,19277
2020-01-23,1083.0,3.0,182.0,0,1451,1458,236,15763
2020-01-24,1083.0,3.0,167.0,1,980,950,117,11281
2020-01-25,1083.0,3.0,139.0,1,762,748,100,7277
2020-01-26,1083.0,3.0,161.0,1,833,820,73,9159
2020-01-27,1083.0,3.0,223.0,1,996,975,110,11114
2020-01-28,1083.0,3.0,254.0,0,1778,1761,258,18688
2020-01-29,1083.0,3.0,291.0,0,1814,1795,318,21293
2020-01-30,1083.0,3.0,296.0,0,2051,2026,378,21715
2020-01-31,1083.0,3.5,278.0,0,1737,1706,307,18988
2020-02-01,1237.0,4.5,255.0,1,1397,1407,206,16239
2020-02-02,1237.0,4.5,283.0,1,1393,1361,158,17156
2020-02-03,1154.0,3.0,240.0,0,1777,1788,238,22074
2020-02-04,1154.0,3.0,301.0,0,1863,1811,277,21119
2020-02-05,1154.0,3.0,305.0,0,1950,1917,400,19253
2020-02-06,1154.0,3.0,258.0,0,1618,1588,216,15707
2020-02-07,1154.0,3.0,236.0,0,1721,1706,330,18474
2020-02-08,1154.0,3.0,255.0,1,1296,1286,234,14990
2020-02-09,1154.0,3.0,255.0,1,1280,1254,189,14307
2020-02-10,1154.0,3.5,317.0,0,2011,2002,339,24303
2020-02-11,1154.0,3.5,357.0,0,1874,1854,353,20731
2020-02-12,1154.0,3.5,373.0,0,2022,1998,316,25121
2020-02-13,154.0,2.0,285.0,0,1627,1606,253,24587
2020-02-14,154.0,2.0,255.0,0,1614,1577,274,44685
2020-02-15,154.0,2.0,210.0,1,1096,1044,156,34209
2020-02-16,154.0,2.0,226.0,1,995,962,134,30153
2020-02-17,154.0,2.0,309.0,0,1582,1550,204,51183
2020-02-18,154.0,2.0,328.0,0,1616,1541,207,46926
2020-02-19,154.0,2.0,361.0,0,1777,1724,313,48825
2020-02-20,154.0,2.0,336.0,0,1708,1688,233,49236
2020-02-21,154.0,2.0,311.0,0,1764,1735,295,50451
2020-02-22,154.0,2.0,225.0,1,1298,1242,186,39821
2020-02-23,154.0,2.0,235.0,1,1330,1264,201,35807
2020-02-24,154.0,2.0,204.0,0,1594,1517,185,45622
2020-02-25,154.0,2.0,226.0,0,1757,1693,259,53858
2020-02-26,154.0,2.0,117.0,0,1738,1709,404,51426
2020-02-27,154.0,2.5,127.0,0,1520,1481,277,47804
2020-02-28,154.0,2.5,129.0,0,1596,1555,377,47179
2020-02-29,154.0,2.5,113.0,1,1377,1377,326,41733
2020-03-01,350.0,3.0,99.0,1,2048,1912,358,102774
2020-03-02,350.0,3.0,179.0,0,2207,2091,340,86670
2020-03-03,350.0,3.0,153.0,0,2013,1933,281,71337
2020-03-04,350.0,3.0,181.0,0,1900,1797,278,71800
2020-03-05,350.0,3.0,180.0,0,1864,1756,291,68730
2020-03-06,350.0,3.0,158.0,0,2137,2045,508,73618
2020-03-07,350.0,3.0,146.0,1,1473,1336,176,56377
2020-03-08,350.0,3.0,151.0,1,1390,1307,164,46600
2020-03-09,350.0,3.0,191.0,0,1831,1685,267,61554
2020-03-10,350.0,3.0,193.0,0,1763,1695,280,59408
2020-03-11,350.0,3.0,207.0,0,1692,1586,214,55034
2020-03-12,350.0,3.0,204.0,0,1642,1544,203,55093
2020-03-13,350.0,3.0,213.0,0,1596,1502,185,48260
2020-03-14,350.0,3.0,186.0,1,1111,1028,138,36085
2020-03-15,350.0,3.0,220.0,1,1218,1156,147,38610
2020-03-16,350.0,3.0,231.0,0,1748,1701,271,50204
2020-03-17,350.0,3.0,263.0,0,1868,1787,322,61204
2020-03-18,350.0,3.5,237.0,0,2135,2059,504,66750
2020-03-19,350.0,3.5,293.0,0,1900,1809,322,57965
2020-03-20,350.0,3.5,282.0,0,2495,2409,659,76833
2020-03-21,350.0,2.0,205.0,1,1736,1656,427,58757
2020-03-22,350.0,2.0,149.0,1,1396,1322,278,44061
2020-03-23,350.0,2.0,223.0,0,2565,2514,761,77935
2020-03-24,350.0,2.0,230.0,0,1977,1963,517,66570
2020-03-25,350.0,2.0,220.0,0,1691,1663,363,54952
2020-03-26,350.0,2.0,215.0,0,1708,1644,348,52183
2020-03-27,350.0,2.0,207.0,0,1565,1460,266,49518
2020-03-28,350.0,2.0,228.0,1,1405,1344,238,45356
2020-03-29,600.0,3.0,233.0,1,1375,1324,202,50455
2020-03-30,600.0,3.0,232.0,0,1780,1712,350,56298
2020-03-31,600.0,3.0,234.0,0,1896,1823,373,59278
2020-04-01,850.0,4.0,227.0,0,1743,1651,279,60611
2020-04-02,850.0,4.0,232.0,0,1721,1607,280,59586
2020-04-03,850.0,4.0,193.0,0,1597,1509,296,49443
2020-04-04,850.0,4.0,189.0,1,1341,1277,254,35148
2020-04-05,850.0,4.0,199.0,1,1344,1308,256,39199
2020-04-06,850.0,4.0,220.0,0,1669,1593,300,45986
2020-04-07,850.0,4.0,258.0,0,1745,1677,327,43866
2020-04-08,850.0,4.0,289.0,0,1773,1733,294,51278
2020-04-09,850.0,4.0,273.0,0,1603,1530,255,41527
2020-04-10,850.0,4.0,215.0,0,1521,1447,275,41361
2020-04-11,850.0,4.5,226.0,1,1561,1493,326,43700
2020-04-12,850.0,4.5,252.0,1,1689,1658,379,46070
2020-04-13,850.0,5.0,317.0,0,2354,2282,543,72775
2020-04-14,600.0,3.5,127.0,0,1691,1626,324,50851
2020-04-15,600.0,3.5,137.0,1,1510,1451,253,49715
2020-04-16,500.0,2.0,92.0,0,1630,1602,297,48655
2020-04-17,500.0,2.0,81.0,0,1470,1416,277,41417
2020-04-18,500.0,2.0,63.0,1,1152,1160,195,33392
2020-04-19,500.0,2.0,64.0,1,1111,1076,215,31101
2020-04-20,500.0,2.0,63.0,0,1497,1435,331,40763
2020-04-21,500.0,2.0,74.0,0,1815,1813,500,50273
2020-04-22,500.0,2.0,48.0,0,1883,1850,523,49426
2020-04-23,500.0,2.0,59.0,0,2124,2122,683,52517
2020-04-24,500.0,2.0,48.0,0,1339,1288,309,35259
2020-04-25,500.0,2.0,68.0,1,1096,1078,244,27963
2020-04-26,500.0,2.0,69.0,1,1160,1160,249,30931
2020-04-27,500.0,2.0,65.0,0,1713,1662,383,46874
2020-04-28,500.0,2.0,88.0,0,2061,2008,756,47382
2020-04-29,500.0,2.0,52.0,0,1685,1702,510,45749
2020-04-30,500.0,2.0,40.0,1,1321,1309,442,30453
2020-05-01,750.0,3.0,71.0,0,1127,1070,247,33464
2020-05-02,750.0,3.0,65.0,1,1060,1030,243,32806
2020-05-03,750.0,3.0,56.0,1,1047,1025,207,29410
2020-05-04,750.0,3.0,67.0,0,1347,1307,324,34684
2020-05-05,750.0,3.0,70.0,0,1221,1226,275,32828
2020-05-06,750.0,3.0,76.0,0,1917,1869,516,46712
2020-05-07,750.0,3.0,104.0,0,2236,2258,762,51061
2020-05-08,750.0,3.5,66.0,0,1607,1582,431,40294
2020-05-09,750.0,3.5,46.0,1,1120,1088,208,31543
2020-05-10,750.0,3.5,72.0,1,1736,1825,520,54904
2020-05-11,500.0,2.0,62.0,0,1550,1538,398,44425
2020-05-12,500.0,2.0,84.0,0,1447,1390,342,46563
2020-05-13,500.0,2.0,68.0,0,1255,1237,296,34473
2020-05-14,500.0,2.0,99.0,0,1487,1459,393,43924
2020-05-15,860.0,3.0,123.0,0,1959,1891,729,60553
2020-05-16,860.0,3.0,101.0,1,1285,1232,326,35491
2020-05-17,860.0,3.0,114.0,1,1275,1227,310,37153
2020-05-18,860.0,3.0,170.0,0,3010,2947,1169,80906
2020-05-19,860.0,3.0,224.0,0,2935,2855,1058,78090
2020-05-20,860.0,3.0,230.0,0,2592,2489,712,75752
2020-05-21,860.0,3.0,228.0,0,2473,2392,626,65216
2020-05-22,860.0,3.0,231.0,0,2189,2094,498,60298
2020-05-23,860.0,4.0,252.0,1,1761,1648,315,43654
2020-05-24,860.0,4.0,304.0,1,2098,2002,350,57426
2020-05-25,860.0,4.0,371.0,0,2960,2795,705,85770
2020-05-26,360.0,1.0,145.0,0,2410,2343,673,67481
2020-05-27,360.0,1.0,127.0,0,1954,1917,533,49122
2020-05-28,360.0,1.0,122.0,0,1895,1822,620,50110
2020-05-29,360.0,1.0,123.0,0,1685,1626,435,47321
2020-05-30,360.0,1.0,163.0,1,1370,1310,366,37766
2020-05-31,360.0,1.0,124.0,1,1414,1359,384,36745
2020-06-01,1560.0,3.0,232.0,0,3096,3057,870,104384
2020-06-02,1560.0,3.0,231.0,0,2853,2741,699,85997
2020-06-03,1560.0,3.0,204.0,0,2343,2237,511,64026
2020-06-04,1560.0,3.0,231.0,0,2485,2403,596,75353
2020-06-05,1560.0,3.0,194.0,0,1882,1761,352,54683
2020-06-06,1560.0,3.0,167.0,1,1665,1593,346,40387
2020-06-07,1560.0,3.0,254.0,1,1636,1604,344,45803
2020-06-08,1560.0,3.0,299.0,0,2405,2312,472,69993
2020-06-09,1560.0,3.0,345.0,0,2605,2418,476,76345
2020-06-10,1560.0,3.0,310.0,0,2445,2298,466,68440
2020-06-11,1560.0,3.0,313.0,0,2378,2268,453,63529
2020-06-12,1560.0,3.0,251.0,0,1770,1694,344,44660
2020-06-13,1560.0,3.0,200.0,1,1317,1247,292,33178
2020-06-14,1560.0,3.0,198.0,1,1421,1372,277,35045
2020-06-15,1560.0,3.0,264.0,0,2356,2297,510,62705
2020-06-16,1560.0,3.0,294.0,0,2617,2509,612,75753
2020-06-17,1560.0,3.0,289.0,0,2266,2205,458,61875
2020-06-18,1560.0,3.0,236.0,0,2065,1997,481,60152
2020-06-19,1560.0,3.0,219.0,0,2014,2028,541,55738
2020-06-20,1560.0,3.0,318.0,1,1621,1607,336,48171
2020-06-21,1560.0,3.0,290.0,1,1582,1530,283,50831
2020-06-22,2160.0,4.0,342.0,0,3251,3152,779,98749
2020-06-23,2160.0,4.0,429.0,0,2897,2751,516,92656
2020-06-24,2160.0,4.5,436.0,0,2578,2475,503,76109
2020-06-25,2263.0,5.5,317.0,0,2413,2311,464,67215
2020-06-26,2263.0,5.5,347.0,0,2558,2474,474,81182
2020-06-27,1903.0,4.0,358.0,1,1804,1689,332,53332
2020-06-28,1903.0,4.5,305.0,1,1905,1836,378,54868
2020-06-29,1903.0,4.5,513.0,0,2974,2848,546,98397
2020-06-30,1903.0,4.5,470.0,0,2729,2576,476,88129
2020-07-01,1903.0,4.0,386.0,0,2924,2728,608,99440
2020-07-02,1903.0,4.0,320.0,0,2781,2647,582,87311
2020-07-03,1903.0,4.0,221.0,0,2412,2343,507,73757
2020-07-04,1903.0,4.0,273.0,1,1662,1615,311,49138
2020-07-05,1903.0,4.0,263.0,1,1707,1639,299,54594
2020-07-06,1903.0,4.0,305.0,0,2611,2535,527,81330
2020-07-07,1903.0,4.0,336.0,0,2940,2912,628,84445
2020-07-08,1903.0,4.5,429.0,0,3398,3313,731,107627
2020-07-09,1903.0,4.5,271.0,0,2833,2744,572,84108
2020-07-10,1903.0,4.5,265.0,0,2606,2493,551,72665
2020-07-11,1303.0,3.0,314.0,1,1774,1729,308,61681
2020-07-12,1303.0,3.0,277.0,1,1619,1528,255,52679
2020-07-13,1303.0,3.0,398.0,0,3431,3284,811,107344
2020-07-14,2403.0,4.0,247.0,0,3207,3119,817,101572
2020-07-15,2403.0,4.0,273.0,0,2786,2700,576,86167
2020-07-16,2403.0,4.0,274.0,0,2792,2678,569,88498
2020-07-17,2403.0,4.0,247.0,0,2454,2405,528,76286
2020-07-18,2403.0,4.0,656.0,1,2043,1754,330,74534
2020-07-19,2403.0,4.0,141.0,1,1589,1518,301,47833
2020-07-20,2403.0,4.0,253.0,0,2757,2650,536,83880
2020-07-21,2403.0,4.0,219.0,0,2552,2447,523,72389
2020-07-22,2403.0,4.0,235.0,0,2600,2519,603,74495
2020-07-23,2403.0,4.0,185.0,0,2500,2457,531,66795
2020-07-24,2403.0,4.0,187.0,0,2165,2139,457,55962
2020-07-25,2403.0,4.0,102.0,1,1712,1748,397,47784
2020-07-26,2403.0,4.0,122.0,1,2144,2163,530,63167
2020-07-27,2403.0,4.0,273.0,0,4046,4103,1119,118199
2020-07-28,2403.0,4.0,254.0,0,3806,3810,1020,105050
2020-07-29,2403.0,5.0,247.0,0,3267,3183,775,84898
2020-07-30,2403.0,5.0,215.0,0,4158,4280,1234,102554
2020-07-31,2403.0,5.0,260.0,0,5022,5400,1691,155435
2020-08-01,1203.0,2.0,57.0,1,1636,1637,453,35973
2020-08-02,1203.0,2.0,43.0,1,1354,1338,335,30847
2020-08-03,1303.0,3.0,227.0,0,2661,2645,774,74060
2020-08-04,1303.0,3.0,237.0,0,2720,2670,735,75072
2020-08-05,1303.0,3.0,177.0,0,2884,2945,906,74881
2020-08-06,1303.0,3.0,145.0,0,2446,2433,639,60884
2020-08-07,1303.0,3.0,206.0,0,2548,2455,592,74963
2020-08-08,1303.0,3.0,130.0,1,1321,1314,277,35735
2020-08-09,1303.0,3.0,148.0,1,1535,1503,306,38886
2020-08-10,1303.0,3.0,203.0,0,2890,2826,624,74956
2020-08-11,1303.0,3.0,195.0,0,2593,2652,655,67628
2020-08-12,1303.0,3.5,199.0,0,2477,2391,625,65783
2020-08-13,1303.0,3.5,230.0,0,2054,2018,563,42429
2020-08-14,1303.0,3.5,191.0,0,2312,2225,529,57620
2020-08-15,1200.0,2.0,75.0,1,1302,1289,291,30700
2020-08-16,1200.0,2.0,147.0,1,1491,1470,338,35808
2020-08-17,3200.0,3.0,218.0,1,2047,2026,381,57203
2020-08-18,3200.0,3.0,328.0,0,3189,3084,757,83443
2020-08-19,3200.0,3.0,236.0,0,2557,2533,546,63283
2020-08-20,3200.0,3.0,224.0,0,2691,2703,706,67687
2020-08-21,3200.0,3.0,216.0,0,2415,2382,539,57927
2020-08-22,3200.0,3.0,144.0,1,2019,2025,597,43362
2020-08-23,3200.0,3.0,154.0,1,1605,1568,346,33793
2020-08-24,3200.0,3.0,282.0,0,3779,3789,1059,87840
2020-08-25,3200.0,3.0,274.0,0,3282,3237,853,78216
2020-08-26,3200.0,3.0,330.0,0,2672,2642,584,61928
2020-08-27,3200.0,3.0,319.0,0,2629,2593,606,57074
2020-08-28,3200.0,3.0,270.0,0,2364,2312,541,48738
2020-08-29,3200.0,3.0,240.0,1,1937,1945,418,40301
2020-08-30,3200.0,3.0,225.0,1,1953,1937,438,43873
2020-08-31,3200.0,3.0,249.0,0,3205,3240,842,74199
2020-09-01,4200.0,4.0,245.0,0,3746,3858,959,96445
2020-09-02,4200.0,4.5,254.0,0,3607,3633,744,96842
2020-09-03,4200.0,4.5,255.0,0,3996,3979,852,89510
2020-09-04,4200.0,4.5,215.0,0,3592,3710,929,84513
2020-09-05,3100.0,3.0,203.0,1,1887,1900,391,36978
2020-09-06,3100.0,3.0,201.0,1,1897,1828,334,39485
2020-09-07,3100.0,3.0,276.0,0,2942,2858,606,60160
2020-09-08,3100.0,3.0,250.0,0,2552,2503,606,51602
2020-09-09,3100.0,3.0,306.0,0,2698,2649,601,58683
2020-09-10,3100.0,3.0,291.0,0,2452,2435,549,52726
2020-09-11,3100.0,3.0,270.0,0,2196,2145,471,50026
2020-09-12,3100.0,3.5,269.0,1,1617,1596,329,37620
2020-09-13,3100.0,3.5,275.0,1,1858,1804,337,44793
2020-09-14,3100.0,3.5,296.0,0,2907,2814,588,73765
2020-09-15,3000.0,2.0,180.0,0,2662,2550,585,60192
2020-09-16,3000.0,2.0,168.0,0,2605,2546,565,54994
2020-09-17,3000.0,2.0,205.0,0,2268,2254,570,49503
2020-09-18,3000.0,2.0,168.0,0,2037,1973,484,42539
2020-09-19,3000.0,2.0,155.0,1,1439,1411,278,30362
2020-09-20,3000.0,2.0,143.0,1,1485,1488,314,28586
2020-09-21,3000.0,2.0,176.0,0,2204,2155,547,43600
2020-09-22,3000.0,2.0,226.0,0,2360,2284,593,46324
2020-09-23,4000.0,3.0,248.0,0,3180,3200,995,76103
2020-09-24,4000.0,3.0,254.0,0,2423,2372,581,51781
2020-09-25,4000.0,3.0,223.0,0,2086,2048,500,43434
2020-09-26,4000.0,3.0,168.0,1,1495,1463,288,32409
2020-09-27,4000.0,3.5,170.0,1,1444,1402,306,31355
2020-09-28,4100.0,4.5,283.0,0,4080,4017,1165,97762
2020-09-29,4100.0,4.5,318.0,0,3247,3163,760,79330
2020-09-30,2100.0,3.0,151.0,0,1674,1638,345,39526
2020-10-01,2100.0,3.0,128.0,1,1268,1252,228,30269
2020-10-02,2100.0,3.0,147.0,1,1474,1442,272,31416
2020-10-03,2100.0,3.0,166.0,1,1573,1539,290,34846
2020-10-04,2100.0,3.0,172.0,1,1685,1646,359,34965
2020-10-05,3200.0,4.0,218.0,0,3091,3001,747,72422
2020-10-06,3200.0,4.0,240.0,0,2786,2729,624,68864
2020-10-07,3200.0,4.5,291.0,0,3032,2958,763,70950
2020-10-08,3200.0,4.5,292.0,0,2686,2630,564,57482
2020-10-09,3200.0,4.5,246.0,1,2079,1982,330,47100
2020-10-10,2200.0,3.0,177.0,1,1851,1839,391,46237
2020-10-11,2200.0,3.0,204.0,1,1660,1609,333,35417
2020-10-12,2200.0,3.0,215.0,0,2539,2484,601,55777
2020-10-13,2200.0,3.0,188.0,0,2728,2709,717,56528
2020-10-14,2200.0,3.0,203.0,0,2424,2412,595,49935
2020-10-15,2200.0,3.0,166.0,0,2158,2138,563,43586
2020-10-16,2200.0,3.0,185.0,0,2096,2036,475,44606
2020-10-17,2200.0,3.0,185.0,1,1629,1604,466,28201
2020-10-18,2200.0,3.0,184.0,1,2039,2005,616,39111
2020-10-19,3200.0,4.0,201.0,0,2648,2619,664,55625
2020-10-20,4700.0,5.0,210.0,0,3241,3260,1079,86136
2020-10-21,4700.0,5.0,197.0,0,2646,2617,707,65931
2020-10-22,4700.0,5.0,184.0,0,2781,2771,783,63078
2020-10-23,4700.0,5.0,159.0,0,2341,2281,562,53105
2020-10-24,4700.0,5.0,161.0,1,1813,1777,422,37347
2020-10-25,4700.0,5.0,177.0,1,1623,1604,319,38919
2020-10-26,4700.0,5.0,271.0,0,3220,3108,774,79405
2020-10-27,4700.0,5.0,270.0,0,3332,3262,817,77518
2020-10-28,4700.0,5.5,335.0,0,3413,3340,810,87497
2020-10-29,9650.0,7.5,381.0,0,3954,3946,922,107834
2020-10-30,9650.0,7.5,404.0,0,3240,3154,716,90175
2020-10-31,8650.0,6.0,247.0,1,2006,2023,447,51312
2020-11-01,8650.0,6.0,256.0,1,1995,1977,422,47970
2020-11-02,9650.0,7.0,542.0,0,4758,4717,1213,120423
2020-11-03,9650.0,7.0,439.0,0,5418,5304,1524,150888
2020-11-04,9650.0,7.0,434.0,0,4516,4472,1196,112683
2020-11-05,9650.0,7.0,511.0,0,4155,4037,1044,102901
2020-11-06,9650.0,7.0,383.0,0,3663,3576,825,88015
2020-11-07,9650.0,7.0,321.0,1,2472,2417,531,57386
2020-11-08,9650.0,7.0,314.0,1,2492,2420,522,50486
